question_id,system,time_sec,prompt_tokens,completion_tokens,total_tokens,llm_calls,tool_calls,estimated_tokens,answer,status,error,question
q1,ReAct,12.166,1769,74,1843,4,3,False,Innichen thuộc vùng Trentino-Alto Adige/Südtirol của Ý,ok,,"Nhà vô địch đơn nam Australian Open 2024 sinh ra ở thành phố nào, và thành phố đó thuộc vùng nào của Ý?"
q1,ReWOO,13.021,410,182,592,2,1,False,"Nhà vô địch đơn nam Australian Open 2024 là Jannik Sinner, sinh ra ở San Candido, thuộc vùng Trentino-Alto Adige của Ý.  

(Trả lời ngắn gọn: San Candido, Trentino-Alto Adige)",ok,,"Nhà vô địch đơn nam Australian Open 2024 sinh ra ở thành phố nào, và thành phố đó thuộc vùng nào của Ý?"
q2,ReAct,17.788,949,45,994,3,2,False,"Carlo Ancelotti, sinh ra ở Reggiolo, Italia.",ok,,"Đội vô địch UEFA Champions League mùa 2023-24 được dẫn dắt bởi huấn luyện viên nào, và huấn luyện viên đó sinh ra ở thành phố nào?"
q2,ReWOO,12.757,481,196,677,2,1,False,"Đội vô địch UEFA Champions League 2023-24 là Real Madrid, dẫn dắt bởi Carlo Ancelotti. Ancelotti sinh ra ở Reggiolo, Italy.  

(Trả lời ngắn gọn: **Carlo Ancelotti, Reggiolo, Italy**)",ok,,"Đội vô địch UEFA Champions League mùa 2023-24 được dẫn dắt bởi huấn luyện viên nào, và huấn luyện viên đó sinh ra ở thành phố nào?"
q3,ReAct,15.147,1505,75,1580,4,3,False,"Cillian Murphy won the Oscar for Best Actor in 2024 for his role in ""Oppenheimer,"" and the director, Christopher Nolan, was born in London, England.",ok,,"Người đoạt Oscar cho Nam diễn viên chính xuất sắc nhất năm 2024 đóng vai chính trong phim nào, và đạo diễn của phim đó sinh ra ở đâu?"
q3,ReWOO,14.394,512,210,722,2,1,False,"Cillian Murphy đoạt giải Oscar Nam diễn viên chính xuất sắc nhất năm 2024 cho phim *Oppenheimer*. Đạo diễn của phim, Christopher Nolan, sinh ra ở London, Anh. 

**Trả lời ngắn gọn:** *Oppenheimer*, đạo diễn sinh ở London, Anh.",ok,,"Người đoạt Oscar cho Nam diễn viên chính xuất sắc nhất năm 2024 đóng vai chính trong phim nào, và đạo diễn của phim đó sinh ra ở đâu?"
q4,ReAct,19.528,2177,89,2266,5,4,False,"CEO hiện tại của Nvidia, Jensen Huang, học tại Oregon State University (BS) và Stanford University (MS). Oregon State University nằm ở thành phố Corvallis, Oregon.",ok,,"CEO hiện tại của Nvidia học tại trường đại học nào, và trường đó nằm ở thành phố nào?"
q4,ReWOO,9.956,379,165,544,2,1,False,"CEO hiện tại của Nvidia là Jensen Huang, ông học tại **Oregon State University**, trường này nằm ở thành phố **Corvallis**.",ok,,"CEO hiện tại của Nvidia học tại trường đại học nào, và trường đó nằm ở thành phố nào?"
q5,ReAct,27.47,2575,221,2796,6,4,False,"Yuval Noah Harari sinh ra ở Israel, thủ đô của Israel là Jerusalem.",ok,,"Tác giả của cuốn Sapiens sinh ra ở quốc gia nào, và thủ đô của quốc gia đó là gì?"
q5,ReWOO,22.04,444,275,719,3,1,False,"Tác giả của cuốn ""Sapiens"" là Yuval Noah Harari, sinh ra ở Israel. Thủ đô của Israel là Jerusalem.",ok,,"Tác giả của cuốn Sapiens sinh ra ở quốc gia nào, và thủ đô của quốc gia đó là gì?"
q6,ReAct,21.294,2173,215,2388,6,4,False,"Bill Gates was born in Seattle, Washington. Seattle is located in the state of Washington, USA.",ok,,"Người đồng sáng lập Microsoft Bill Gates sinh ra ở thành phố nào, và thành phố đó thuộc bang nào của Hoa Kỳ?"
q6,ReWOO,10.206,419,147,566,2,1,False,"Bill Gates sinh ra ở Seattle, thuộc bang Washington, Hoa Kỳ.",ok,,"Người đồng sáng lập Microsoft Bill Gates sinh ra ở thành phố nào, và thành phố đó thuộc bang nào của Hoa Kỳ?"
q7,ReAct,33.638,2689,142,2831,5,4,False,"Nhạc nền phim ""Oppenheimer"" (giải Oscar Phim hay nhất 2024) được sáng tác bởi Ludwig Göransson, người sinh ra ở Thụy Điển.]",ok,,"Bộ phim giành giải Oscar cho Phim hay nhất năm 2024 có nhạc nền do ai sáng tác, và người đó sinh ra ở quốc gia nào?"
q7,ReWOO,15.406,438,256,694,2,1,False,"Thông tin về nhạc nền của phim ""Oppenheimer"" (giải Oscar 2024) và quốc gia sinh của nhà soạn nhạc không được cung cấp trong tài liệu. Bạn cần tra cứu thêm về nhạc sĩ phim này.  

Tuy nhiên, dựa trên kiến thức phổ biến:  
- **Nhạc nền ""Oppenheimer""** do **Ludwig Göransson** sáng tác.  
- Ông sinh ra ở **Th",ok,,"Bộ phim giành giải Oscar cho Phim hay nhất năm 2024 có nhạc nền do ai sáng tác, và người đó sinh ra ở quốc gia nào?"
q8,ReAct,14.073,1497,50,1547,4,3,False,"Carlos Alcaraz represents Spain, whose capital is Madrid.",ok,,"Nhà vô địch Wimbledon đơn nam 2024 đại diện cho quốc gia nào, và thủ đô của quốc gia đó là gì?"
q8,ReWOO,9.822,440,187,627,2,1,False,"Nhà vô địch Wimbledon đơn nam 2024 là Carlos Alcaraz, đại diện cho Tây Ban Nha. Thủ đô của Tây Ban Nha là Madrid.  

**Đáp án:** Tây Ban Nha, Madrid.",ok,,"Nhà vô địch Wimbledon đơn nam 2024 đại diện cho quốc gia nào, và thủ đô của quốc gia đó là gì?"
q9,ReAct,12.172,813,45,858,3,2,False,"The current CEO of OpenAI is Sam Altman, who previously served as the CEO of Y Combinator.",ok,,"CEO hiện tại của OpenAI là ai, và người đó từng giữ vị trí CEO của công ty nào trước đây?"
q9,ReWOO,14.6,443,124,567,2,1,False,"CEO hiện tại của OpenAI là Sam Altman, trước đây ông từng là CEO của công ty Loopt.",ok,,"CEO hiện tại của OpenAI là ai, và người đó từng giữ vị trí CEO của công ty nào trước đây?"
q10,ReAct,20.449,1407,208,1615,5,3,False,"Elon Musk was born in Pretoria, South Africa, which was part of the Transvaal province at the time of his birth.",ok,,"Người sáng lập SpaceX sinh ra ở thành phố nào, và thành phố đó thuộc tỉnh hoặc bang nào?"
q10,ReWOO,11.791,396,127,523,2,1,False,"Người sáng lập SpaceX, Elon Musk, sinh ra ở thành phố Pretoria, thuộc tỉnh Gauteng, Nam Phi.",ok,,"Người sáng lập SpaceX sinh ra ở thành phố nào, và thành phố đó thuộc tỉnh hoặc bang nào?"
